time,price,volume
3/28/13,86.45,6200708.085
3/29/13,88.1875,3733639.335
3/30/13,91.1675,1728643.57
3/31/13,92.505,990090.16
4/1/13,98.8175,4575292.72
4/2/13,109.835,4414216.06
4/3/13,127.495,9842862.18
4/4/13,131.4075,5856192.04
4/5/13,137.405,4808838.745
4/6/13,142.0975,1309112.82
4/7/13,153.115,4731838.58
4/8/13,176.825,10423572.7
4/9/13,211.0275,11414517.11
4/10/13,191.5,17654147.33
4/11/13,147.2,9492985.475
4/12/13,109.0375,24087828.74
4/13/13,106.375,13257881.42
4/14/13,94.36,8181646.26
4/15/13,86.475,10422223.56
4/16/13,71.315,18986960.86
4/17/13,80.8775,14132697.16
4/18/13,100.27,8509193.63
4/19/13,117.365,15485545.33
4/20/13,123.025,4648617.495
4/21/13,121.58,6071768.15
4/22/13,123.125,3674565.22
4/23/13,134.9675,7877053.295
4/24/13,151.27,17288720.87
4/25/13,144.5,13517772.38
4/26/13,136.2625,8595166.7
4/27/13,131.8725,3957662.76
4/28/13,131.655,1846461.795
4/29/13,140.13,5028666.14
4/30/13,141.04,4594814.74
5/1/13,124.9175,10985495.62
5/2/13,110.16,12585745.25
5/3/13,98.0875,11374683.55
5/4/13,104.825,7140243.815
5/5/13,113.6825,4820928.045
5/6/13,114.785,8878749.97
5/7/13,108.3425,7522070.745
5/8/13,112.27,3528872.955
5/9/13,112.13,1518532.53
5/10/13,116.135,4611445.85
5/11/13,116.27,1634105.33
5/12/13,115.0825,1191284.945
5/13/13,116.545,1544779.25
5/14/13,114.65,5084938.75
5/15/13,111.27,6562207.82
5/16/13,115.875,2633649.035
5/17/13,120.96,4843576.765
5/18/13,123.5675,1413749.71
5/19/13,122.4275,1264226.635
5/20/13,122.0775,1067828.62
5/21/13,122.2725,825398.67
5/22/13,123.2975,1135629.04
5/23/13,125.0075,1397435.07
5/24/13,129.685,3191081.725
5/25/13,131.6975,1110259.215
5/26/13,133.025,1576874.21
5/27/13,130.685,3051766.27
5/28/13,128.7,1470782.76
5/29/13,130.3925,1264522.02
5/30/13,129.9875,1610150.31
5/31/13,128.4875,1070757.23
6/1/13,128.7525,411340.325
6/2/13,124.225,6218072.88
6/3/13,120.2825,1734067.205
6/4/13,121.23,1339536.035
6/5/13,121.575,1019009.61
6/6/13,120.2925,1334207.8
6/7/13,113.8125,3718899.555
6/8/13,109.77,945658.39
6/9/13,101.33,7398612.675
6/10/13,103.105,3425320.575
6/11/13,107.045,872062.175
6/12/13,109.0075,976093.93
6/13/13,105.8325,1617405.68
6/14/13,101.4375,1832782.985
6/15/13,100.25,1143319.025
6/16/13,100.0875,436914.585
6/17/13,100.7875,775025.995
6/18/13,105.9075,3285535.73
6/19/13,107.8125,956742.385
6/20/13,110.285,2419170.565
6/21/13,110.84,2139543.995
6/22/13,108.7925,399219.055
6/23/13,107.825,599899.815
6/24/13,104.77,1507566.955
6/25/13,103.85,4926867.085
6/26/13,103.6625,695850.245
6/27/13,102.45,760110.09
6/28/13,97.61,2336693.875
6/29/13,95.775,1247620.455
6/30/13,96.12,420150.09
7/1/13,92.4375,2453608.39
7/2/13,89.635,1264478.815
7/3/13,84.125,3100273.595
7/4/13,78.8,2519854.79
7/5/13,73.64,3284582.33
7/6/13,69.9925,1463383.56
7/7/13,72.44,1541748.56
7/8/13,76.24,2300539.845
7/9/13,75.8775,1247725.905
7/10/13,82.5175,2505224.8
7/11/13,88.17,1575343.225
7/12/13,93.785,4947625.615
7/13/13,94.5975,1620465.02
7/14/13,96.15,598129.475
7/15/13,97.09,1721104.485
7/16/13,98.18,821731.055
7/17/13,97.945,859875.58
7/18/13,93.3925,2737724.265
7/19/13,91.2175,1287380.35
7/20/13,91.0475,437235.34
7/21/13,90.455,397022.735
7/22/13,91.35,424123.17
7/23/13,93.9725,1179275.03
7/24/13,94.735,698499.57
7/25/13,95.7725,1097164.215
7/26/13,96.6125,545285.715
7/27/13,95.105,722945.49
7/28/13,96.94,2101208.185
7/29/13,100.39,1262235.255
7/30/13,104.475,1460583.865
7/31/13,107.3425,2480915.26
8/1/13,105.3025,797912.895
8/2/13,104.4275,1460631.58
8/3/13,104.335,466036.025
8/4/13,104.8925,338402.305
8/5/13,106.1525,831451.345
8/6/13,106.4725,719082.68
8/7/13,106.1825,413847.94
8/8/13,104.1625,1252678.995
8/9/13,103.395,625230.54
8/10/13,103.02,207968.42
8/11/13,103.9725,431068.01
8/12/13,105.8575,1075599.69
8/13/13,107.6375,1016686.84
8/14/13,111.29,2870167.11
8/15/13,111.1625,887786.025
8/16/13,109.8725,749208.515
8/17/13,110.9925,721651.465
8/18/13,113.205,551567.575
8/19/13,116.85,3163077.73
8/20/13,119.8825,1475556.44
8/21/13,122.295,1895584.125
8/22/13,122.5825,854705.205
8/23/13,120.2375,1172127.295
8/24/13,119.38,538902.04
8/25/13,120.96,455784.96
8/26/13,121.2675,698866.85
8/27/13,126.09,3468271.785
8/28/13,129.9475,819975.975
8/29/13,129.36,533698.78
8/30/13,134.6625,3157892.76
8/31/13,140.905,2242054.29
9/1/13,143.825,1025044.77
9/2/13,145.155,778487.485
9/3/13,144.7775,1239130.575
9/4/13,138.1,1987253.435
9/5/13,131.98,1794199.345
9/6/13,127,1227377.565
9/7/13,125.79,905526.755
9/8/13,127.31,467017.32
9/9/13,130.225,1969063.485
9/10/13,133.28,596664.16
9/11/13,137.03,2873888.19
9/12/13,141.12,1453413.735
9/13/13,140.8575,1445051.56
9/14/13,138.9675,623294.57
9/15/13,137.7625,446295.195
9/16/13,139.4625,745651.105
9/17/13,139.485,676916.5
9/18/13,140.1425,668938.95
9/19/13,136.95,1441676.2
9/20/13,134.285,747804.23
9/21/13,134.045,343880.225
9/22/13,133.595,394134.375
9/23/13,133.6,402730.08
9/24/13,134.3175,578655.215
9/25/13,135.62,651587.495
9/26/13,136.4525,446722.42
9/27/13,138.38,1892386.155
9/28/13,140.6125,966271.92
9/29/13,143.3875,1314709.95
9/30/13,142.4275,1040997.41
10/1/13,141.5125,677068.88
10/2/13,128.7325,7000124.155
10/3/13,126.5225,2261898.7
10/4/13,134.0275,1255004.845
10/5/13,136.705,342331.97
10/6/13,136.65,335200.98
10/7/13,136.93,506820.13
10/8/13,136.43,356349.19
10/9/13,138.4725,1224421.765
10/10/13,140.0275,781234.325
10/11/13,140.3075,510178.615
10/12/13,141.3575,785248.565
10/13/13,144.8925,1179108.465
10/14/13,149.655,2271408.58
10/15/13,154.545,1216097.485
10/16/13,154.525,3339506.275
10/17/13,155.275,1243135.365
10/18/13,162.6625,2125699.475
10/19/13,178.5775,5027980.795
10/20/13,183.1475,1049263.12
10/21/13,189.8575,2318821.2
10/22/13,198.515,3397850.1
10/23/13,214.91,4283168.195
10/24/13,210.9075,9872989.21
10/25/13,197.6075,3485539.86
10/26/13,192.96,1167510.2
10/27/13,198.0575,1323306.265
10/28/13,206.005,1149165.105
10/29/13,210.9,1064664.175
10/30/13,211.12,1433687.65
10/31/13,209.8975,563268.025
11/1/13,212.315,628831.65
11/2/13,212.745,523088.72
11/3/13,218.685,1353614.63
11/4/13,230.7725,2092986.42
11/5/13,244.3325,5569856.5
11/6/13,259.8325,5131301.15
11/7/13,290.39,12834509.6
11/8/13,332.665,7558327.66
11/9/13,364.4425,9238843.04
11/10/13,341.6475,12149767.33
11/11/13,349.175,3174309.025
11/12/13,373.445,4165919.105
11/13/13,408.0075,7408102.805
11/14/13,429.57,6742290.44
11/15/13,434.5525,6150936.165
11/16/13,450.2,4378485.38
11/17/13,495.9975,6683607.13
11/18/13,655.91,22766836.08
11/19/13,708.6625,34597299.86
11/20/13,596.735,25419885.84
11/21/13,695.5975,13583507.55
11/22/13,767.795,11358556.5
11/23/13,831.0175,8964697.715
11/24/13,806.9275,10400991.9
11/25/13,808.485,10732526.19
11/26/13,899.9975,14158733
11/27/13,1014.725,18953251.06
11/28/13,1109.4525,21474890.13
11/29/13,1150.0475,22534669.76
11/30/13,1198.9225,9140849.13
12/1/13,1066.79,41662205.24
12/2/13,1048.4125,19635953.83
12/3/13,1125.49,10942550.76
12/4/13,1190.865,9713031.78
12/5/13,1113.4375,31175681.44
12/6/13,967.5925,25400340.09
12/7/13,753.5075,35412372.84
12/8/13,745.7425,11537803.8
12/9/13,872.6675,12290417.06
12/10/13,983.0825,10878548.63
12/11/13,966.6175,11537792.45
12/12/13,900.1,4404098.415
12/13/13,927.1875,8095502.685
12/14/13,917.1875,5271848.265
12/15/13,898.675,6658619.965
12/16/13,829.6925,16470238.82
12/17/13,733.4325,11482809.91
12/18/13,606.95,31319766.78
12/19/13,635.3325,15012901.63
12/20/13,694.3875,12162907.91
12/21/13,647.61,4782574.43
12/22/13,648.7075,3852617.335
12/23/13,677.165,5112727.53
12/24/13,702.9775,3829098.2
12/25/13,698.47,1863579.325
12/26/13,761.5175,9116410.505
12/27/13,802.4325,5543744.515
12/28/13,771.6525,5070612.53
12/29/13,771.47,2727807.73
12/30/13,797.395,4211134.7
12/31/13,800.4175,3651585.97
1/1/14,805.695,4337306.605
1/2/14,842.3825,5419859.795
1/3/14,867.21,4209669.06
1/4/14,897.3575,6399432.945
1/5/14,970.1625,10405369.36
1/6/14,1021.3925,11822657.09
1/7/14,954.095,10888293.35
1/8/14,911.135,6478174.865
1/9/14,926.745,6608517.205
1/10/14,941.3575,2957729.635
1/11/14,977.23,5479678.44
1/12/14,972.4625,4815010.6
1/13/14,922.97,4615512.13
1/14/14,922.2125,1982472.555
1/15/14,937.1625,3227445.505
1/16/14,930.185,2362555.68
1/17/14,901.155,4606709.77
1/18/14,902.34,2749891.755
1/19/14,930.1175,3539610.31
1/20/14,954.3125,4995844.64
1/21/14,958.8975,3147803.45
1/22/14,955.5125,2254106.1
1/23/14,947.36,920794.355
1/24/14,928.28,2845122.1
1/25/14,942.9675,3902644.885
1/26/14,989.1925,6533839.685
1/27/14,977.305,4030521.315
1/28/14,940.12,4884010.035
1/29/14,931.9425,2630278.385
1/30/14,932.44,2515943.51
1/31/14,939.885,2014529.85
2/1/14,944.065,2061615.09
2/2/14,946.88,748455.45
2/3/14,944.0675,1302287.11
2/4/14,927.0525,2127680.275
2/5/14,915.24,3436772.78
2/6/14,860.7725,7869278.605
2/7/14,752.33,18231059.53
2/8/14,673.9425,7763333.465
2/9/14,656.25,6603068.355
2/10/14,610.57,12187087.13
2/11/14,580.38,4819273.31
2/12/14,551.7775,5824967.99
2/13/14,495.775,7211703.105
2/14/14,420.3325,12575021.5
2/15/14,389.1925,9174846.545
2/16/14,357.8175,13176901.56
2/17/14,311.6625,8291832.855
2/18/14,296.165,7089502.48
2/19/14,280.3375,4324900.89
2/20/14,188.57,8355265.475
2/21/14,118.8225,5099256.82
2/22/14,188.615,5955197.535
2/23/14,283.805,5598628.295
2/24/14,233.225,9012201.86
2/25/14,146.6875,2011725.015
2/26/14,475.44,192086.865
2/27/14,600.0075,161692.58
2/28/14,584.8575,160838.01
3/1/14,489.5425,125367.86
3/2/14,551.605,235162.69
3/3/14,611.9,398119.835
3/4/14,663.8525,474347.41
3/5/14,655.7225,428523.575
3/6/14,651.1525,684734.175
3/7/14,630.125,750313.475
3/8/14,610.05,669074.445
3/9/14,618.0925,605971.86
3/10/14,617.1,825803.835
3/11/14,610.32,761582.765
3/12/14,619.2775,1012794.415
3/13/14,624.165,1085909.23
3/14/14,620.2275,1259110.025
3/15/14,619.0175,1086096.54
3/16/14,620.905,1029343.55
3/17/14,612.6875,1115350.2
3/18/14,600.6725,1118987.18
3/19/14,597.7775,1084157.46
3/20/14,579.9275,1237857.86
3/21/14,560.8075,1088843.915
3/22/14,555.265,1041062.875
3/23/14,554.6125,1145134.735
3/24/14,555.6275,1014035.58
3/25/14,562.635,1088028.39
3/26/14,561.755,1045658.13
3/27/14,512.775,1007338.835
3/28/14,477.94,1013187.86
3/29/14,481.945,1046034.355
3/30/14,456.775,886815.415
3/31/14,446.875,927370.905
4/1/14,458.3725,924903.195
4/2/14,444.335,1004267.64
4/3/14,424.0225,856281.91
4/4/14,438.16,564938.07
4/5/14,450.3825,265561.025
4/6/14,457.75,824219.265
4/7/14,462.7775,925968.395
4/8/14,466.8,921755.6
4/9/14,463.6575,906572.215
4/10/14,422.5125,775400.505
4/11/14,406.47,1090202.955
4/12/14,442.66,1149349.77
4/13/14,432.3125,1074059.6
4/14/14,455.9725,1776941.28
4/15/14,499.4675,1976935.39
4/16/14,527.1275,2100355.505
4/17/14,515.7175,2052789.745
4/18/14,492.9175,2060593.17
4/19/14,495.3975,2081652.4
4/20/14,503.86,1943441.345
4/21/14,502.25,1848022.455
4/22/14,496.7425,1415124.135
4/23/14,491.855,1172600.63
4/24/14,493.035,1039802.03
4/25/14,476.4,1503336.09
4/26/14,459.9025,1582217.105
4/27/14,449.96,1580941.62
4/28/14,439.25,1004748.645
4/29/14,443.1325,837036.545
4/30/14,443.82,917808.745
5/1/14,453.69,959985.705
5/2/14,454.795,767808.485
5/3/14,443.9025,572934.05
5/4/14,437.525,737011.91
5/5/14,434.2875,665645.17
5/6/14,429.56,906958.13
5/7/14,440.2675,1107395.41
5/8/14,445.665,568440.965
5/9/14,445.21,508048.47
5/10/14,449.56,105279.78
5/11/14,442.3875,423552.42
5/12/14,435.675,305836.985
5/13/14,436.785,583350.555
5/14/14,438.6775,490116.27
5/15/14,445.5575,495586.17
5/16/14,449.685,400835.88
5/17/14,453.6475,389047.74
5/18/14,451.4925,327681.11
5/19/14,446.7325,302046.745
5/20/14,462.9875,442629.33
5/21/14,487.5875,345249.57
5/22/14,502.25,796099.815
5/23/14,522.3775,730051.41
5/24/14,518.905,747824.165
5/25/14,546.655,519816.04
5/26/14,575.8775,857978.3
5/27/14,573.4025,975394.685
5/28/14,571.3275,1029064.535
5/29/14,566.6975,1062645.54
5/30/14,588.5125,1847385.325
5/31/14,618.5075,1371375.37
6/1/14,643.6575,1163167.49
6/2/14,648.3425,1327502.885
6/3/14,658.2025,1443730.255
6/4/14,645.06,1803732.475
6/5/14,650.0225,914078.45
6/6/14,655.3875,1992150.605
6/7/14,650.7175,650430.465
6/8/14,652.5675,1085501.395
6/9/14,646.65,1064636.59
6/10/14,650.7725,1172212.835
6/11/14,650.9725,1247627.92
6/12/14,618.75,1466604.245
6/13/14,605.3725,2309854.87
6/14/14,592.805,1495241.415
6/15/14,578.5975,1138116.37
6/16/14,591.99,1203842.965
6/17/14,601.865,911794.86
6/18/14,607.3275,1020373.3
6/19/14,604.4075,1719444.415
6/20/14,595.0175,657503.365
6/21/14,592.955,688002.555
6/22/14,600.6825,621448.115
6/23/14,595.575,798743.7
6/24/14,590.25,921848.87
6/25/14,578.415,900385.91
6/26/14,574.9275,1202591.765
6/27/14,592.2525,1009226.465
6/28/14,600.63,890845.615
6/29/14,599.0225,869532.515
6/30/14,617.5075,1199347.12
7/1/14,641.24,1339730.14
7/2/14,636.3975,1552273.085
7/3/14,640.9325,1292495.37
7/4/14,631.8125,1147606.96
7/5/14,623.6025,1019106.505
7/6/14,625.425,850471.51
7/7/14,618.875,796737.3
7/8/14,614.48,1004052.7
7/9/14,618.1675,961774.565
7/10/14,619.5,1128387.95
7/11/14,625.255,986161.755
7/12/14,633.3225,1091359.525
7/13/14,632.5275,542266.93
7/14/14,622.85,802063.225
7/15/14,619.91,1157069.71
7/16/14,617.7275,938002.745
7/17/14,620.985,918348.955
7/18/14,625.53,1056285.215
7/19/14,628.4475,1254571.155
7/20/14,623.9775,722578.21
7/21/14,621.765,799574.37
7/22/14,624.1175,1036076.725
7/23/14,622.5525,687553.34
7/24/14,611.225,1450417.575
7/25/14,602.2075,1799049.295
7/26/14,598.1825,1049556.67
7/27/14,596.5525,1060776.2
7/28/14,589.6475,697148.58
7/29/14,586.1275,1984812.615
7/30/14,575.18,1200788.285
7/31/14,577.975,1030735.61
8/1/14,594.68,2682794.3
8/2/14,594.2075,640464.95
8/3/14,588.335,376732.55
8/4/14,590.8225,1025653.01
8/5/14,590.305,1216697.995
8/6/14,589.88,894475.365
8/7/14,591.3925,743761.185
8/8/14,597.2325,938072.67
8/9/14,592.085,422570.36
8/10/14,591.57,398961.195
8/11/14,583.3225,757416.055
8/12/14,570.955,949084.44
8/13/14,551.605,1332138.46
8/14/14,521.945,2809675.615
8/15/14,499.925,1206283.505
8/16/14,506.4875,980155.915
8/17/14,502.61,793856.27
8/18/14,472.7225,1498695.105
8/19/14,472.5375,1231609.615
8/20/14,498.0625,1485731.95
8/21/14,520.8125,1490062.37
8/22/14,514.7625,1561444.965
8/23/14,506.145,799891.67
8/24/14,504.755,648426.955
8/25/14,505.92,706179.51
8/26/14,508.335,917265.365
8/27/14,516.955,993105.17
8/28/14,512.7275,1155774.07
8/29/14,511.295,940244.19
8/30/14,508.6375,670025.945
8/31/14,493.5975,1494348.32
9/1/14,479.555,1633982.265
9/2/14,478.415,1649244.98
9/3/14,480.7725,1512456.485
9/4/14,486.44,2176986.44
9/5/14,488.1825,1509611.62
9/6/14,485.0725,943443.01
9/7/14,484.8575,879461.6
9/8/14,479.49,1978534.245
9/9/14,474.1775,1768170.23
9/10/14,479.3025,2033539.03
9/11/14,480.42,1546604.97
9/12/14,476.7675,1259846.84
9/13/14,477.795,1287533.825
9/14/14,477.05,1017997.84
9/15/14,477.1075,1379546.045
9/16/14,471.805,1573038.45
9/17/14,463.875,1764883.89
9/18/14,439.095,1977916.305
9/19/14,409.3,3038838.21
9/20/14,406.0975,2966982.995
9/21/14,405.685,2120074.215
9/22/14,403.765,2772648.31
9/23/14,420.3025,3754400.875
9/24/14,430.48,4619674.935
9/25/14,418.2925,3079008.01
9/26/14,408.2175,2489297.42
9/27/14,401.31,1980081.645
9/28/14,388.6225,2733637.93
9/29/14,379.435,3972722.08
9/30/14,383.7125,3268676.73
10/1/14,386.8125,3455287.375
10/2/14,378.6925,2742702.27
10/3/14,369.905,3147691.005
10/4/14,348.9375,4036885.295
10/5/14,324.3375,4771211.635
10/6/14,326.35,6841630.63
10/7/14,332.6125,5053096.16
10/8/14,339.8975,3717634.65
10/9/14,360.99,6527814.815
10/10/14,363.5175,5211633.31
10/11/14,360.8925,2531470.095
10/12/14,365.3025,2044547.29
10/13/14,379.4375,4479443.245
10/14/14,394.47,5789390.27
10/15/14,394.0925,4444845.84
10/16/14,385.835,4010227.445
10/17/14,379.3575,3170522.725
10/18/14,385.1625,1833623.48
10/19/14,389.1425,1046917.02
10/20/14,383.465,2043132.925
10/21/14,382.1,1877720.66
10/22/14,380.485,2037633.73
10/23/14,367.3175,3509381.26
10/24/14,355.79,3602517.81
10/25/14,349.98,2471900.44
10/26/14,349.095,2044166.965
10/27/14,350.01,1893855.89
10/28/14,351.285,1690807.965
10/29/14,343.4325,2136115.11
10/30/14,340.95,2769191.875
10/31/14,341.695,2414062.92
11/1/14,330.76,2277107.555
11/2/14,324.3875,1945323.225
11/3/14,325.3275,2224445.945
11/4/14,325.265,2485177.765
11/5/14,333.6175,2679014.015
11/6/14,343.14,2702311.025
11/7/14,345.3325,2615139.69
11/8/14,342.875,1421521.75
11/9/14,352.3925,2239592.215
11/10/14,365.115,4204915.3
11/11/14,366.3575,2916800.175
11/12/14,401.4975,7887804.975
11/13/14,433.02,12681463.01
11/14/14,409.355,7143330.98
11/15/14,386.67,2599299.245
11/16/14,380.3425,2755777.525
11/17/14,390.2375,5485267.69
11/18/14,382.685,5215933.205
11/19/14,381.035,3806010.075
11/20/14,369.2175,4053397.505
11/21/14,352.9,4157298.49
11/22/14,354.625,2322617.265
11/23/14,360.2725,2258487
11/24/14,373.835,4634627.94
11/25/14,380.4125,8725284.25
11/26/14,371.01,4470110.805
11/27/14,368.355,2578997.805
11/28/14,372.01,8080636.84
11/29/14,378.845,16033544.62
11/30/14,376.21,2140197.49
12/1/14,377.535,3750769.145
12/2/14,379.8725,4844779.855
12/3/14,378.9775,4486913.395
12/4/14,373.3675,4773323.655
12/5/14,373.39,5640921.865
12/6/14,376.565,2096196.19
12/7/14,375.7675,1671571.945
12/8/14,370.845,4264559.825
12/9/14,356.5775,7786727.66
12/10/14,349.8225,4781177.41
12/11/14,350.1375,9057355.06
12/12/14,350.8775,4758528.1
12/13/14,349.6375,3428380.675
12/14/14,348.4475,2170290.635
12/15/14,347.375,3884498.42
12/16/14,337.73,6519822.26
12/17/14,325.055,9948006.375
12/18/14,314.845,9496664.955
12/19/14,313.68,6580411.155
12/20/14,324.2,4899437.67
12/21/14,326.285,3383400.165
12/22/14,327.155,5865025.78
12/23/14,333.3525,4040784.82
12/24/14,328.645,3567107.6
12/25/14,320.2675,2470752.42
12/26/14,324.5525,3770928.685
12/27/14,322,3480984.41
12/28/14,316.3025,3251566.465
12/29/14,315.135,3238951.17
12/30/14,312.705,3592930.355
12/31/14,314.3725,3246659.59
1/1/15,317.0075,2042943.68
1/2/15,314.895,2344350.385
1/3/15,300.765,7128465.58
1/4/15,274.415,12172080.66
1/5/15,270.1925,7525188.015
1/6/15,278.435,3059789.905
1/7/15,287.6025,4428915.435
1/8/15,286.4325,2908247.545
1/9/15,284.6325,2992064.08
1/10/15,280.6375,2081040.885
1/11/15,269.9725,2068931.435
1/12/15,267.62,3462350.415
1/13/15,244.205,11420729.25
1/14/15,193.59,16541134.48
1/15/15,192.6275,12898544.99
1/16/15,209.5125,6635601.675
1/17/15,202.7175,4364163.045
1/18/15,205.8775,4234926.795
1/19/15,212.86,3388018.93
1/20/15,211.6025,3981942.575
1/21/15,218.7875,4716772.885
1/22/15,231.305,6281007.475
1/23/15,231.67,4446787.055
1/24/15,239.6975,4022491.355
1/25/15,249.51,6279919.055
1/26/15,270.92,14956105.56
1/27/15,264.1525,6590531.655
1/28/15,248.79,7972183.67
1/29/15,233.0075,6388966.96
1/30/15,234.4625,5682401.015
1/31/15,225.5425,4843731.05
2/1/15,221.2375,4549586.965
2/2/15,231.7975,4502414.61
2/3/15,234.415,7531671.295
2/4/15,226.2325,6275270.83
2/5/15,221.825,4548177.92
2/6/15,220.3225,5840517.345
2/7/15,226.005,4543196.73
2/8/15,225.27,3296985.58
2/9/15,221.1675,10142210.24
2/10/15,219.16,9481721.91
2/11/15,219.8275,7990555.8
2/12/15,220.23,5567304.7
2/13/15,230.04,13177679.03
2/14/15,247.86,16723711.38
2/15/15,245.76,22050131.48
2/16/15,234.285,13651572.33
2/17/15,239.5575,14021572.17
2/18/15,238.9025,11956339.08
2/19/15,239.025,7959261.66
2/20/15,243.2575,10259215.65
2/21/15,244.725,5306857.255
2/22/15,239.85,9091529.85
2/23/15,236.485,7459610.775
2/24/15,238.365,5416492.75
2/25/15,237.6125,4565226.5
2/26/15,236.3825,6057919.415
2/27/15,246.105,21225314.83
2/28/15,252.915,5019502.055
3/1/15,254.355,6507694.75
3/2/15,265.66,10821858.94
3/3/15,276.895,22907707.11
3/4/15,275.7375,19397960.37
3/5/15,272.7,16861549.33
3/6/15,273.7,13556870.13
3/7/15,273.7825,8384357.77
3/8/15,274.8725,6976615.49
3/9/15,282.89,21705482.33
3/10/15,292.6175,23407912.87
3/11/15,293.3775,11811405.48
3/12/15,294.315,15857534.34
3/13/15,290.515,14192978.06
3/14/15,284.1275,10785799.54
3/15/15,283.31,5639144.33
3/16/15,288.5175,9710972.36
3/17/15,287.875,9420357.32
3/18/15,268.785,27798990.42
3/19/15,257.1625,23352889.18
3/20/15,261.3175,6953004.305
3/21/15,259.6925,6732506.405
3/22/15,264.425,7518692.71
3/23/15,266.105,10915693.57
3/24/15,255.4675,19092110.83
3/25/15,244.285,16111819.66
3/26/15,248.15,11251015.66
3/27/15,247.4375,7803171.47
3/28/15,249.94,6973023.33
3/29/15,246.46,9524439.925
3/30/15,243.5625,10524581.66
3/31/15,245.205,9295504.245
4/1/15,244.4075,8239801.19
4/2/15,249.485,10217702.17
4/3/15,253.7175,9168095.405
4/4/15,253.23,3917938.895
4/5/15,255.8475,5660550.76
4/6/15,257.095,5951664.62
4/7/15,253.4225,5722922.27
4/8/15,248.5925,12752040.32
4/9/15,242.9325,8458043.69
4/10/15,238.365,11914311.42
4/11/15,236.0825,6185737.595
4/12/15,235.53,3923783.03
4/13/15,229.1375,12044051.15
4/14/15,220.1425,12715397.23
4/15/15,220.4175,8588290.435
4/16/15,225.8375,9699966.595
4/17/15,225.1025,7541241.59
4/18/15,222.745,4094486.155
4/19/15,223.8175,4010042.295
4/20/15,223.89,5063782.65
4/21/15,229.1325,7863581.445
4/22/15,234.4275,9178811.935
4/23/15,234.47,5012535.235
4/24/15,233.025,8145476.01
4/25/15,228.1425,5029725.205
4/26/15,221.425,11094749.07
4/27/15,226.7275,13909924.68
4/28/15,226.6675,7481194.855
4/29/15,225.18,6902114.88
4/30/15,231.47,13177217.7
5/1/15,235.195,7119279.63
5/2/15,234.165,4370329.095
5/3/15,238.1775,6722434.825
5/4/15,239.9025,8334179.53
5/5/15,236.545,9205532.415
5/6/15,232.81,12115658.73
5/7/15,234.085,10703511.61
5/8/15,241.0625,10656751.72
5/9/15,242.8825,7671948.115
5/10/15,241.1025,5339146.595
5/11/15,241.145,6938348.215
5/12/15,241.3925,4876147.36
5/13/15,238.985,10206911.09
5/14/15,236.2025,8452336.565
5/15/15,237.115,5489403.635
5/16/15,236.445,3221061.79
5/17/15,236.4125,3383367.44
5/18/15,234.375,6284701.49
5/19/15,232.6075,4795483.39
5/20/15,233.155,5838212.435
5/21/15,234.9,5078676.92
5/22/15,238.0775,8852375.7
5/23/15,239.7725,4347840.2
5/24/15,239.9475,3654254.1
5/25/15,238.9975,3163843.17
5/26/15,237.455,4439753.94
5/27/15,237.4925,5746764.36
5/28/15,237.3125,4272211.015
5/29/15,236.8425,4640150.39
5/30/15,234.725,4890099.445
5/31/15,231.545,4537811.035
6/1/15,226.4275,9872988.305
6/2/15,224.6425,6863427.24
6/3/15,225.72,6167095.95
6/4/15,225.0025,4989123.325
6/5/15,224.505,6380151.8
6/6/15,224.83,2548682.66
6/7/15,224.195,4568895.865
6/8/15,226.235,8449089.395
6/9/15,229.25,6336234.935
6/10/15,229.1575,4799148.505
6/11/15,229.4625,4391661.26
6/12/15,230.3025,4723800.74
6/13/15,231.2725,4420749.905
6/14/15,233.4575,3866474.33
6/15/15,235.6475,7535208.21
6/16/15,244.1675,15039563.91
6/17/15,250.1925,15387297.62
6/18/15,247.5575,9749851.625
6/19/15,246.7575,10499709.05
6/20/15,243.61,6260940.03
6/21/15,244.0125,3083075.055
6/22/15,245.83,5880331.79
6/23/15,245.3025,4735449.07
6/24/15,241.97,5731409.82
6/25/15,241.5225,4915829.14
6/26/15,242.285,4574887.215
6/27/15,246.77,6790256.935
6/28/15,249.455,4997782.05
6/29/15,252.8375,11798708.05
6/30/15,261.2975,15369067.54
7/1/15,260.2875,8691867.96
7/2/15,256.72,5802609.595
7/3/15,254.8575,4686274.475
7/4/15,257.6,4267475.85
7/5/15,265.61,6477332.995
7/6/15,270.79,7166601.895
7/7/15,267.46,5573083.045
7/8/15,267.9,6101642.74
7/9/15,268.805,6553368.345
7/10/15,279.38,16685882.09
7/11/15,289.1575,6815738.325
7/12/15,302.3875,18493415.1
7/13/15,297.13,21444054.69
7/14/15,289.86,8848274.07
7/15/15,286.6175,8666863.74
7/16/15,281.0325,17138444.57
7/17/15,277.035,8639737.245
7/18/15,269.86,7706722.12
7/19/15,274.0375,4176334.11
7/20/15,275.3825,6473603.095
7/21/15,277.0025,6858472.78
7/22/15,275.515,5819140.125
7/23/15,276.075,4953148.235
7/24/15,281.99,10584700.6
7/25/15,288.255,6033268.96
7/26/15,290.14,4534521.315
7/27/15,291.4925,10214018.11
7/28/15,293.765,7257746.925
7/29/15,290.92,7394445.15
7/30/15,287.5475,6466736.58
7/31/15,285.0525,7034141.625
8/1/15,281.2575,5554126.73
8/2/15,280.065,5007155.26
8/3/15,281.72,6526070.19
8/4/15,282.78,6388522.19
8/5/15,283,5446520.225
8/6/15,279.54,4676172.58
8/7/15,277.4425,5981238.44
8/8/15,268.2075,11195333.51
8/9/15,261.945,7606112.105
8/10/15,263.58,6461005.43
8/11/15,265.9175,6866650.7
8/12/15,267.9625,7644834.18
8/13/15,265.1925,7509349.27
8/14/15,263.975,6975733.97
8/15/15,262.87,5171103.605
8/16/15,258.5325,8974718.015
8/17/15,256.7625,6212968.925
8/18/15,251.78,11995279.91
8/19/15,233.74,27880267.43
8/20/15,231.0575,10658018.35
8/21/15,233.46,6771689.28
8/22/15,229.5125,8525564.085
8/23/15,228.315,5626461.13
8/24/15,218.6075,21602637.32
8/25/15,213.6875,20421271.59
8/26/15,223.74,10539549.44
8/27/15,224.535,6845678.71
8/28/15,227.195,10421040.64
8/29/15,229.895,5057970.645
8/30/15,228.665,4578948.7
8/31/15,228.465,6288236.885
9/1/15,228.465,7636392.325
9/2/15,227.9925,6751273.3
9/3/15,227.4525,6195778.315
9/4/15,228.315,7118038.12
9/5/15,231.955,5650768.85
9/6/15,237.9775,8002945.645
9/7/15,239.8975,6900941.6
9/8/15,242.1075,9340912.975
9/9/15,240.37,8352761.285
9/10/15,237.6075,7254072.03
9/11/15,239.095,5519108.54
9/12/15,237.285,5225476.25
9/13/15,232.5575,6017478.03
9/14/15,229.675,7066003.755
9/15/15,232.575,5737494.25
9/16/15,228.5175,5959320.62
9/17/15,231.11,6515987.555
9/18/15,232.55,6225510.25
9/19/15,231.72,4019287.23
9/20/15,231.2,3855011.465
9/21/15,228.5125,6116732.195
9/22/15,228.4125,8230783.59
9/23/15,230.15,5053945.33
9/24/15,232.265,8434884.345
9/25/15,234.7675,7286281.415
9/26/15,234.445,4745067.445
9/27/15,233.3475,4232970.96
9/28/15,236.0325,7673521.76
9/29/15,237.6925,6847471.065
9/30/15,236.215,5998690.04
10/1/15,236.585,6293683.65
10/2/15,236.8375,5713191.645
10/3/15,237.72,5191042.34
10/4/15,248,3825142.38
10/5/15,238.855,7346584.695
10/6/15,243.315,9660517.165
10/7/15,244.5125,7712871.665
10/8/15,242.98,5403241.035
10/9/15,243.13,4969143.77
10/10/15,244.5525,4793042.87
10/11/15,246.4325,5136940.05
10/12/15,246.4175,5001031.705
10/13/15,247.1075,9314094.48
10/14/15,251.1125,8790469.225
10/15/15,253.675,7762829.65
10/16/15,259.6275,12490670.74
10/17/15,267.4,15414644.28
10/18/15,265.805,6986749.355
10/19/15,262.8325,7705420.515
10/20/15,267.0975,10137878.57
10/21/15,268.1425,8033307.565
10/22/15,271.7675,12787518.47
10/23/15,276.07,9645572.085
10/24/15,279.885,8467879.605
10/25/15,286.9325,16530035.75
10/26/15,285.0625,10433627.79
10/27/15,290.8325,15554903.25
10/28/15,299.92,17616760.66
10/29/15,308.9525,21666899.18
10/30/15,321.6225,25476472.67
10/31/15,319.0525,16934130.18
11/1/15,315.8125,11750631.2
11/2/15,341.9325,38543577.09
11/3/15,381.7825,81951809.35
11/4/15,414.7,115095379.1
11/5/15,399.2275,61033330.63
11/6/15,374.425,47588484.42
11/7/15,378.9075,19799060.28
11/8/15,377.98,18001169.23
11/9/15,374.265,23599988.15
11/10/15,355.375,37553170.51
11/11/15,318.885,41671194.6
11/12/15,322.69,27142721.03
11/13/15,333.33,16288773.39
11/14/15,340.4225,11953603.6
11/15/15,324.54,14364491.21
11/16/15,323.4325,14173829.44
11/17/15,333.795,16521517.68
11/18/15,334.16,13136604.48
11/19/15,329.975,14314718.51
11/20/15,320.66,17600154.6
11/21/15,323.1525,7348997.24
11/22/15,323.4425,5976190.39
11/23/15,322.4475,6940878.745
11/24/15,319.8175,8166800.775
11/25/15,322.9,12639309.61
11/26/15,344.395,36803604.68
11/27/15,355.5775,18529437.03
11/28/15,356.48,10022141.28
11/29/15,363.515,12306732.96
11/30/15,374.81,24521567.73
12/1/15,368.1125,20466687.72
12/2/15,358.0925,16486769.38
12/3/15,361.7825,15880254.26
12/4/15,360.06,10940579.32
12/5/15,375.035,21776650.31
12/6/15,391.22,26100217.04
12/7/15,392.0225,19099814.64
12/8/15,401.0125,14808740.83
12/9/15,413.6275,30718600.77
12/10/15,415.345,14932966.37
12/11/15,433.1025,38304487.92
12/12/15,438.38,46025040.66
12/13/15,432.1775,13981195.18
12/14/15,438.745,48643746.3
12/15/15,452.4,24509646.04
12/16/15,454.79,42260683.28
12/17/15,453.81,14704461.51
12/18/15,459.5725,19254310.5
12/19/15,460.675,14194604.78
12/20/15,449.21,27219008.3
12/21/15,437.225,26696103.24
12/22/15,437.7725,14455660.97
12/23/15,439.63,13970298.07
12/24/15,449.4475,18088133.08
12/25/15,453.4975,9647174.835
12/26/15,431.5875,44386676.5
12/27/15,417.34,14163442.7
12/28/15,422.785,14523492.59
12/29/15,426.635,15117045.51
12/30/15,428.72,14678843.22
12/31/15,426.84,13911746.1
1/1/16,431.9375,10190629.85
1/2/16,433.9675,7300195.67
1/3/16,430.4125,11772494.44
1/4/16,431.97,11498488.05
1/5/16,432.16,9772309.43
1/6/16,429.7825,9372883.35
1/7/16,443.4825,29191906.24
1/8/16,454.8375,20842664.97
1/9/16,450.1575,9003461.95
1/10/16,445.5,9911456.98
1/11/16,446.69,12707534.11
1/12/16,446.0775,9978993.295
1/13/16,435.3325,19808617.69
1/14/16,430.515,9997451.55
1/15/16,399.0625,53664377.56
1/16/16,373.6025,34240533.84
1/17/16,383.985,12765235.87
1/18/16,381.8425,13307883.62
1/19/16,381.61,12742111.06
1/20/16,398.4525,38532117.05
1/21/16,413.025,18677440.2
1/22/16,394.82,28346823.53
1/23/16,386.74,11984958.45
1/24/16,395.4175,12917355.66
1/25/16,396.38,13430351.89
1/26/16,392.045,11220779.81
1/27/16,392.88,8670398.04
1/28/16,386.71,14897566.3
1/29/16,377.305,26032748.83
1/30/16,378.71,6878418.22
1/31/16,373.755,7378937.73
2/1/16,371.7675,13901217.46
2/2/16,373.5325,9587116.775
2/3/16,371.0075,11163247.6
2/4/16,379.6375,19531887.1
2/5/16,388.185,11874572.71
2/6/16,380.59,14940068.45
2/7/16,378.1275,7718235.76
2/8/16,375.8975,11743149.38
2/9/16,374.24,10428530.13
2/10/16,379.1675,18617639.44
2/11/16,379.3275,11960560.23
2/12/16,382.3025,10369711.6
2/13/16,387.505,9402652.265
2/14/16,397.8975,14758037.16
2/15/16,403.495,17474440.55
2/16/16,403.81,13897460.19
2/17/16,412.515,18825004.71
2/18/16,419.7075,16309227.17
2/19/16,420.5,11021860.63
2/20/16,430.5475,24306210.22
2/21/16,437.7525,22110510
2/22/16,436.785,12309879.21
2/23/16,428.2025,20004711.96
2/24/16,419.5375,14053853.35
2/25/16,422.7225,11372820.43
2/26/16,424.3725,11347613.13
2/27/16,430.015,9293114.38
2/28/16,430.1525,10963469.21
2/29/16,434.9575,15073046.57
3/1/16,434.44,14690066.22
3/2/16,429.79,12476028.17
3/3/16,421.4225,16633826.76
3/4/16,414.9075,15745938.96
3/5/16,401.3675,25927543.12
3/6/16,402.5175,12693525.1
3/7/16,409.8475,12705701.02
3/8/16,412.9775,11129143.87
3/9/16,412.12,10543174.32
3/10/16,414.085,11585186.22
3/11/16,418.1125,12765206.76
3/12/16,414.2925,12359978.56
3/13/16,412.0675,7246042.905
3/14/16,413.4975,10260621.28
3/15/16,414.78,10138103.75
3/16/16,415.3275,9277244.71
3/17/16,417.24,9226580.67
3/18/16,411.845,13622116.88
3/19/16,407.3675,7560826.9
3/20/16,410.2275,6304032.42
3/21/16,410.745,8889308.255
3/22/16,414.01,10237083.79
3/23/16,416.7375,8493563.715
3/24/16,415.57,8124750.525
3/25/16,415.04,7232894.265
3/26/16,415.965,5862181.655
3/27/16,420.985,13099437.46
3/28/16,422.96,9227097.375
3/29/16,417.025,14417485.04
3/30/16,413.015,8967037.46
3/31/16,414.1775,8724557.045
4/1/16,415.2375,7945364.96
4/2/16,417.3325,6584324.57
4/3/16,418.675,4807006.49
4/4/16,418.7475,7032688.275
4/5/16,420.755,8650627.585
4/6/16,421.42,6934711.07
4/7/16,420.3425,7618276.425
4/8/16,419.21,9928892.755
4/9/16,416.745,6160652.715
4/10/16,419.155,4914814.065
4/11/16,420.535,7705291.165
4/12/16,423.39,12319107.79
4/13/16,424.05,8110941.265
4/14/16,423.6925,6534817.47
4/15/16,426.3575,11634340.04
4/16/16,429.39,6273143.48
4/17/16,427.68,5503227.585
4/18/16,426.8425,6992049.78
4/19/16,431.38,9879570.87
4/20/16,437.8625,16364888.67
4/21/16,445.2075,14115951.05
4/22/16,446.6775,11137433.8
4/23/16,447.4775,9520285.16
4/24/16,454.3275,17029351.81
4/25/16,459.3275,18848170.42
4/26/16,463.955,15759398.5
4/27/16,456.375,20815245.54
4/28/16,444.8725,18225861.48
4/29/16,451.2475,10154806.33
4/30/16,451.755,8015056.965
5/1/16,450.625,4930118.165
5/2/16,447.625,16468433.22
5/3/16,446.885,11171001.66
5/4/16,447.79,8858025.275
5/5/16,446.855,9403628.435
5/6/16,453.71,15595568.89
5/7/16,458.3075,7139286.515
5/8/16,457.8625,6358589.14
5/9/16,459.4675,11185233.06
5/10/16,454.6875,13653958.84
5/11/16,451.9,9088587.255
5/12/16,452.6675,11151053.17
5/13/16,454.6375,7400593
5/14/16,455.7925,4669744.805
5/15/16,457.4575,4883253.16
5/16/16,455.82,8384277.755
5/17/16,454.0325,7888225.35
5/18/16,454.1175,7458578.94
5/19/16,448.2975,13342741.3
5/20/16,441.9875,10731871.83
5/21/16,442.68,5118274.825
5/22/16,441.11,6360060.87
5/23/16,441.635,7960915.46
5/24/16,444.93,7435443.19
5/25/16,448.1125,8495910.86
5/26/16,451.25,8565521.565
5/27/16,464.82,32015330.98
5/28/16,499.27,37775441.56
5/29/16,520.3825,40452935.78
5/30/16,526.325,20755346.93
5/31/16,530.3125,30505245.86
6/1/16,532.47,19407533.66
6/2/16,536.63,14216788.35
6/3/16,553.0475,29785280.57
6/4/16,573.1325,25220464.4
6/5/16,574.5675,18649257.2
6/6/16,579.2225,18597384.69
6/7/16,573.5275,24583583.48
6/8/16,576.5775,14377910.24
6/9/16,576.2925,14029594.63
6/10/16,575.745,13168184.24
6/11/16,584.5975,12416329.14
6/12/16,633.6975,69951004.93
6/13/16,684.41,74829640.02
6/14/16,685.605,46296999.02
6/15/16,685.3575,26971094.94
6/16/16,727.285,84967108.12
6/17/16,745.3025,80259115.34
6/18/16,750.21,45588759.58
6/19/16,755.0725,22933212.99
6/20/16,744.255,41874953.78
6/21/16,689.9075,83538254.63
6/22/16,630.585,64876558
6/23/16,595.0575,77275434.56
6/24/16,645.3825,64593755.76
6/25/16,662.325,33771299.38
6/26/16,641.005,28246008.43
6/27/16,633.9075,31923475.06
6/28/16,645.77,24875244.09
6/29/16,637.275,25489156.23
6/30/16,652.71,29151633.24
7/1/16,672.6975,31243354
7/2/16,686.1375,23311588.7
7/3/16,676.45,33345362.64
7/4/16,664.9675,21410420.24
7/5/16,668.8325,18370953.51
7/6/16,669.25,15877575.01
7/7/16,647.2725,48896475.12
7/8/16,647.9075,24659451.79
7/9/16,649.695,31078610.23
7/10/16,646.93,9492511.65
7/11/16,647.815,14985804.56
7/12/16,658.755,22057045.58
7/13/16,664.9425,20927211.23
7/14/16,656.6475,15898346.88
7/15/16,661.3525,11926843.6
7/16/16,661.505,6788971.025
7/17/16,669.5225,15830725.55
7/18/16,672.935,14426710.59
7/19/16,669.5875,10216140.32
7/20/16,666.825,12556314.55
7/21/16,663.3375,10691737.21
7/22/16,657.715,21674662.1
7/23/16,653.105,9787269.61
7/24/16,657.4225,9836081.175
7/25/16,656.72,11299468.76
7/26/16,652.4075,16113483.4
7/27/16,653.51,9799208.595
7/28/16,654.36,9240348.23
7/29/16,654.4875,8892482.05
7/30/16,654.945,6370554.975
7/31/16,638.2375,19990476.94
8/1/16,615.0775,20647979.55
8/2/16,551.385,37734754.6
8/3/16,541.755,23628340.96
8/4/16,571.7625,12885147.3
8/5/16,574.165,8010387.94
8/6/16,580.78,7351111.77
8/7/16,588.545,7758862.67
8/8/16,589.935,7375846.195
8/9/16,586.6975,7665124.69
8/10/16,589.395,14713176.25
8/11/16,590.83,11840388.55
8/12/16,587.08,7517477.38
8/13/16,586.1525,5688527.315
8/14/16,574.845,9501580.215
8/15/16,567.565,9626372.055
8/16/16,573.475,10835886.24
8/17/16,575.5725,9459751.175
8/18/16,574.0225,8770034.56
8/19/16,573.015,7363478.365
8/20/16,578.2375,6719981.71
8/21/16,581.6075,4154240.855
8/22/16,584.29,9845808.345
8/23/16,584.8775,9402225.925
8/24/16,581.1275,8182599.065
8/25/16,577.285,9459041.64
8/26/16,578.9725,6175229.065
8/27/16,574.345,5382953.09
8/28/16,572.715,3695373.335
8/29/16,574.8,6892358.585
8/30/16,576,7961417.525
8/31/16,575.285,7181864.61
9/1/16,605.0525,7443018.225
9/2/16,573.545,7671183.905
9/3/16,587.935,10545606.98
9/4/16,603.5925,9338350.925
9/5/16,606.1725,7697559.36
9/6/16,607.925,7444444.31
9/7/16,611.5925,9229779.42
9/8/16,619.8325,11373359.47
9/9/16,623.4075,8869242.255
9/10/16,624.05,4807696.51
9/11/16,613.4225,11251945.3
9/12/16,606.81,8543441.755
9/13/16,608.3725,8439192.29
9/14/16,609.175,7451552.335
9/15/16,608.37,6957440.35
9/16/16,607.85,6687791.985
9/17/16,607.2475,4870192.2
9/18/16,608.845,5010626.745
9/19/16,609.9875,6501543.905
9/20/16,609.0725,6915994.3
9/21/16,601.7275,11048124.44
9/22/16,596.35,6743203.9
9/23/16,599.09,7796479.065
9/24/16,602.9825,4104841.77
9/25/16,601.825,4025678.92
9/26/16,603.665,8363956.05
9/27/16,605.6775,7779931.235
9/28/16,604.915,5751970.78
9/29/16,604.6525,7714648.265
9/30/16,605.9675,7279349.21
10/1/16,610.905,5216237.83
10/2/16,611.495,5056594.145
10/3/16,610.99,6742343.96
10/4/16,609.935,7662842.92
10/5/16,610.6025,7191969.09
10/6/16,611.0025,6648981.51
10/7/16,613.8875,10100062.13
10/8/16,617.03,4240527.43
10/9/16,616.195,4167094.83
10/10/16,616.1575,7811561.635
10/11/16,628.9225,17711446.9
10/12/16,637.785,8633476.84
10/13/16,635.84,8206488.285
10/14/16,636.16,10073147.68
10/15/16,637.8525,3991654.41
10/16/16,638.93,4159905.795
10/17/16,638.4175,8885150.64
10/18/16,636.07,7874805.63
10/19/16,631.44,11207243.36
10/20/16,628.4275,6636527.485
10/21/16,629.9075,8932235.605
10/22/16,643.885,12095662.66
10/23/16,654.6225,7220059.68
10/24/16,650.88,10879674.8
10/25/16,652.92,12108102.53
10/26/16,663.8625,15998638.86
10/27/16,679.2775,15954369.37
10/28/16,683.9,13434191.17
10/29/16,701.65,19202688.48
10/30/16,704.16,13916282.57
10/31/16,696.33,13362617.32
11/1/16,713.7475,24761007.8
11/2/16,728.5475,14245637.65
11/3/16,708.3025,34582163.49
11/4/16,693.715,16905478.3
11/5/16,701.15,7788292.335
11/6/16,705.945,9194688.755
11/7/16,706.33,10914056.92
11/8/16,707.9725,14150984.02
11/9/16,720.17,25809632.87
11/10/16,716.58,11982325.14
11/11/16,715.25,9206212.295
11/12/16,709.4225,9852629.22
11/13/16,699.215,12642985.77
11/14/16,702.6675,13325598.67
11/15/16,707.625,14802070.72
11/16/16,726.375,29192235.77
11/17/16,739.95,23502764.44
11/18/16,741.7175,14852886.86
11/19/16,746.9075,9651099.55
11/20/16,735.3575,17462104.23
11/21/16,733.895,12021595.04
11/22/16,742.54,16634818.33
11/23/16,743.17,14148036.66
11/24/16,736.7025,13784508.47
11/25/16,736.48,10664178.78
11/26/16,735.2775,8352529.875
11/27/16,732.24,7878589.39
11/28/16,732.14,12593978.12
11/29/16,732.67,12031435.97
11/30/16,737.7525,14624814.43
12/1/16,747.92,20372485.68
12/2/16,763.71,24478415.75
12/3/16,765.8275,15136286.82
12/4/16,764.665,7387142.225
12/5/16,758.98,19566926.63
12/6/16,756.485,12765600.97
12/7/16,761.765,13395138.69
12/8/16,767.1575,11118638.74
12/9/16,769.37,9373112.725
12/10/16,772.6575,7033564.025
12/11/16,769.7675,6643113.2
12/12/16,773.875,11235875.55
12/13/16,778.8275,12963982.35
12/14/16,776.755,9675578.94
12/15/16,776.275,10239170.45
12/16/16,778.6275,10838996.11
12/17/16,785.0375,9336179.91
12/18/16,787.81,5770140.08
12/19/16,789.71,10132071.24
12/20/16,794.0075,13720399.64
12/21/16,814.355,26738187.81
12/22/16,848.2275,30291088.02
12/23/16,888.905,45952577.66
12/24/16,902.38,20811405.74
12/25/16,882.2,18607930.4
12/26/16,896.1625,17520770.49
12/27/16,913.8625,23008153.34
12/28/16,949.4875,36944544.89
12/29/16,968.7625,29643896.26
12/30/16,957.2775,33759994.56
12/31/16,957.5725,13203480.6
1/1/17,979.1325,20306035.76
1/2/17,1008.5925,33051512.49
1/3/17,1023.0875,28070329.36
1/4/17,1084.8925,85370447.6
1/5/17,1037.48,122539648.8
1/6/17,938.87,89677479.9
1/7/17,870.6375,56584097.4
1/8/17,900.4275,35187623.18
1/9/17,895.505,28012930.34
1/10/17,901.3975,24348908.14
1/11/17,839.77,80194273.17
1/12/17,790.825,47053471.82
1/13/17,810.2475,36322868.8
1/14/17,822.9075,18319344.87
1/15/17,818.965,10014568.26
1/16/17,825.7175,13813061.05
1/17/17,864.605,36177467.57
1/18/17,882.8075,30555825.14
1/19/17,885.8075,26179627.92
1/20/17,892.1275,17442997.9
1/21/17,907.785,18584777.4
1/22/17,916.42,22061113.56
1/23/17,919.7825,15146899.47
1/24/17,907.4925,26763892.82
1/25/17,894.3725,17026384.17
1/26/17,905.695,15414743.09
1/27/17,916.0125,14267056.45
1/28/17,917.8125,6633075.69
1/29/17,917.035,5112710.32
1/30/17,917.285,8811617.31
1/31/17,942.7625,25961943.37
2/1/17,973.5775,22040519.83
2/2/17,992.2575,25342387.22
2/3/17,1007.48,31246344.93
2/4/17,1021.58,20223002.08
2/5/17,1021.4175,15850507.74
2/6/17,1020.5525,16430185.05
2/7/17,1037.05,20678951.34
2/8/17,1048.6525,34200732.67
2/9/17,1008.0325,72993031.87
2/10/17,982.2975,30350622.2
2/11/17,1001.045,14266407.25
2/12/17,1001.2775,7419886.73
2/13/17,993.6475,16408986.51
2/14/17,1000.99,19924807.1
2/15/17,1006.7975,11796454.3
2/16/17,1021.9475,19576411.77
2/17/17,1041.15,23930536.17
2/18/17,1052.395,13440941.6
2/19/17,1048.83,9447417.505
2/20/17,1062.305,16495365.5
2/21/17,1098.29,31482809.15
2/22/17,1116.6425,26847683.33
2/23/17,1146.8775,37864452.27
2/24/17,1163.1375,63543090.82
2/25/17,1155.44,26524845.49
2/26/17,1157.1775,17890511.41
2/27/17,1180.125,21035417.74
2/28/17,1190.5175,30211224.7
3/1/17,1197.88,31007957.2
3/2/17,1244.2675,49059565.67
3/3/17,1270.23,42971769.18
3/4/17,1265.5325,24318176.55
3/5/17,1262.73,16065201.31
3/6/17,1272.46,19811068.86
3/7/17,1234.8125,54380799.25
3/8/17,1189.645,58220424.58
3/9/17,1168.655,35243461.06
3/10/17,1155.7075,112013257.2
3/11/17,1149.77,41228972.64
3/12/17,1200.1725,26743087.08
3/13/17,1228.635,37218379.54
3/14/17,1238.8075,28051879.64
3/15/17,1247.4875,27265146.02
3/16/17,1201.3775,79770898.92
3/17/17,1120.7425,92021753.86
3/18/17,1021.72,106491240
3/19/17,1006.24,54117341.24
3/20/17,1033.165,31947287.44
3/21/17,1084.55,50572295
3/22/17,1071.4175,60422889.07
3/23/17,1041.14,29477329.51
3/24/17,985.115,65087732.63
3/25/17,948.0975,59261049.52
3/26/17,971.6775,41670657.92
3/27/17,1006.3075,46211738.79
3/28/17,1043.355,41823776.18
3/29/17,1038.33,35665194
3/30/17,1038.35,38854434.21
3/31/17,1060.1,48317453.98
4/1/17,1084.11,27535368.29
4/2/17,1091.8025,38962457.28
4/3/17,1124.595,55984653.36
4/4/17,1143.1675,40617546.7
4/5/17,1131.385,39202521.52
4/6/17,1162.6575,54137257.88
4/7/17,1188.4,35622116.28
4/8/17,1184.035,19713091.98
4/9/17,1193.5525,27271842.17
4/10/17,1205.1825,24256846.88
4/11/17,1213.195,22800550.93
4/12/17,1216.5225,27372089.69
4/13/17,1189.42,39261237.28
4/14/17,1177.7725,28088397.08
4/15/17,1097.675,16952960.9
4/16/17,1177.125,11278924.42
4/17/17,1186.6475,28071045.47
4/18/17,1201.28,32476483.39
4/19/17,1208.395,26538852.13
4/20/17,1227.65,34639277.92
4/21/17,1245.065,26269820.44
4/22/17,1240.82,27910373.66
4/23/17,1242.33,27133481.88
4/24/17,1247.135,24660085.78
4/25/17,1257.33,28351451.03
4/26/17,1280.785,38854309.53
4/27/17,1312.9075,41690703.94
4/28/17,1326.575,52307023.06
4/29/17,1330.935,28011718.75
4/30/17,1339.1975,27755464.44
5/1/17,1389.795,72257238.4
5/2/17,1431.9275,51706124.89
5/3/17,1462.98,61316712.38
5/4/17,1512.315,106610830.4
5/5/17,1524.4125,94068075.6
5/6/17,1529.3525,46403393.78
5/7/17,1541.9525,55889714
5/8/17,1609.8625,87397548.06
5/9/17,1684.8325,109648357.4
5/10/17,1720.245,78146639.94
5/11/17,1794.475,99469066.21
5/12/17,1742.3425,96134607.6
5/13/17,1703.805,64232781.85
5/14/17,1768.7925,36457506.99
5/15/17,1728.7325,69289696.32
5/16/17,1711.1325,65227374.27
5/17/17,1769.36,85524386.69
5/18/17,1863.475,67987500.46
5/19/17,1921.9925,95811342.68
5/20/17,1998.7575,89718390.54
5/21/17,2039.845,80557792.73
5/22/17,2107.9925,186828436.3
5/23/17,2198.5175,126041630.6
5/24/17,2369.5325,176941642.9
5/25/17,2436.185,311193735
5/26/17,2304.955,220767102.8
5/27/17,2122.0625,223128478.5
5/28/17,2148.26,133445560.6
5/29/17,2230.48,102096905.9
5/30/17,2236.78,135095055.5
5/31/17,2248.72,130670392.5
6/1/17,2370.0425,145096564.2
6/2/17,2446.2025,99924200.64
6/3/17,2517.6875,88619776
6/4/17,2526.865,74560144.67
6/5/17,2614.58,112849286.9
6/6/17,2801.595,269482351
6/7/17,2767.38,170226289.9
6/8/17,2730.5775,130497013.3
6/9/17,2812.0875,94652077.92
6/10/17,2858.3075,123478099.3
6/11/17,2929.7025,120799843.4
6/12/17,2774.7275,292688436.6
6/13/17,2700.4925,157296507.4
6/14/17,2583.2425,224234234.3
6/15/17,2389.2225,303263576.7
6/16/17,2455.685,143373982
6/17/17,2577.3,123397270.1
6/18/17,2589.8225,117665650.3
6/19/17,2573.2275,105227290
6/20/17,2696.415,150072657.1
6/21/17,2715.19,156675377.5
6/22/17,2695.2375,105198539.3
6/23/17,2723.0875,77680176.15
6/24/17,2645.5825,114047125.6
6/25/17,2566.175,110383054.1
6/26/17,2474.92,201038980.4
6/27/17,2481.1225,190838181.8
6/28/17,2567.1375,139951436.1
6/29/17,2567.12,95904411.86
6/30/17,2521.2,91975928.95
7/1/17,2455.5775,80363996.89
7/2/17,2473.0675,82953661.26
7/3/17,2558.1775,106164184.7
7/4/17,2604.6275,105257157.1
7/5/17,2612.49,116173413.1
7/6/17,2614.685,78309082.64
7/7/17,2557.5825,114629338.6
7/8/17,2532.0225,68513949.13
7/9/17,2540.6675,49772840.24
7/10/17,2414.395,148697049.3
7/11/17,2336.635,171072625.6
7/12/17,2353.57,128602401.5
7/13/17,2384.2875,104359193.5
7/14/17,2283.125,128909472.4
7/15/17,2105.1025,160437207.1
7/16/17,1935.6425,182238752.6
7/17/17,2073.775,184271691.4
7/18/17,2279.7375,232711386.5
7/19/17,2314.58,178896754.3
7/20/17,2590.88,403863613.2
7/21/17,2759.4,264674273.5
7/22/17,2761.7275,171057389.1
7/23/17,2781.365,149988745
7/24/17,2758.6525,114565187.1
7/25/17,2649.425,267485632
7/26/17,2553.765,170300368.9
7/27/17,2627.9375,134992345.3
7/28/17,2756.5,191809350.3
7/29/17,2762.95,115451693.3
7/30/17,2723.6825,111508117
7/31/17,2822.2775,127463858.4
8/1/17,2808.975,170669801.4
8/2/17,2727.5475,111308081.1
8/3/17,2767.755,94292594.41
8/4/17,2840.165,97934524.93
8/5/17,3090.3025,251948511.7
8/6/17,3239.105,98272578.46
8/7/17,3314.395,147054878.6
8/8/17,3420.8275,183138185
8/9/17,3366.5875,162077872.2
8/10/17,3387.805,121047730.3
8/11/17,3549.0775,172616528.4
8/12/17,3776.1525,234827959.5
8/13/17,3992.7375,319538043.7
8/14/17,4176.55,270528108.9
8/15/17,4190.8025,436526132.1
8/16/17,4221.435,236536617.8
8/17/17,4336.98,277180139.2
8/18/17,4181.325,302021357
8/19/17,4100.74,231418438.1
8/20/17,4108.435,144131804.6
8/21/17,4033.97,182632345.2
8/22/17,3962.4225,329913488.8
8/23/17,4139.225,201218453.8
8/24/17,4233.815,152722918.1
8/25/17,4359.275,181183077.4
8/26/17,4339.8175,99725041.3
8/27/17,4356.8375,92611679.55
8/28/17,4333.605,162680594.7
8/29/17,4496.4175,227784325.8
8/30/17,4579.045,156767434.9
8/31/17,4665.8325,169526719.3
9/1/17,4818.09,245621188.7
9/2/17,4730.2025,373937294.2
9/3/17,4576.06,235119309.4
9/4/17,4399.99,368693229.9
9/5/17,4294.455,337002619.3
9/6/17,4522.34,252414088.4
9/7/17,4609.515,162505202
9/8/17,4448.13,393500113.8
9/9/17,4312.265,166136169.2
9/10/17,4237.8125,225676235.9
9/11/17,4240.7075,187671441.5
9/12/17,4209.8875,226754624.7
9/13/17,3988.95,364285886.1
9/14/17,3565.76,559288241.1
9/15/17,3440.2875,759801252.5
9/16/17,3714.545,313864288.9
9/17/17,3667.73,175673276.1
9/18/17,3900.41,293543294.2
9/19/17,3995.2925,244510522.2
9/20/17,3922.48,171262358.8
9/21/17,3747.19,271857644.4
9/22/17,3619.355,207363609.6
9/23/17,3691.355,126719297.5
9/24/17,3720.0775,91950898.75
9/25/17,3809.38,193387578.2
9/26/17,3916.6475,124272560.6
9/27/17,4054.8325,240238135
9/28/17,4198.8425,193500882.6
9/29/17,4159.08,202348780.1
9/30/17,4270.2325,145432216.8
10/1/17,4358.6625,131272868.9
10/2/17,4411.615,157346564.5
10/3/17,4345.555,176563962.4
10/4/17,4267.925,136244406.2
10/5/17,4262.3025,135989285.8
10/6/17,4353.115,134969959.3
10/7/17,4400.0375,88186120.6
10/8/17,4522.435,161567658.9
10/9/17,4705.18,259348510.1
10/10/17,4798.415,237908102.8
10/11/17,4795.2625,169301995
10/12/17,5126.1075,424402942.7
10/13/17,5578.6575,605842079.9
10/14/17,5717.6125,217241172.2
10/15/17,5705.94,285633926.1
10/16/17,5702.0275,174608014.1
10/17/17,5663.06,184361960.9
10/18/17,5472.645,327422264.7
10/19/17,5632.5975,234928807.6
10/20/17,5844.61,364805891.8
10/21/17,6015.375,342551305.6
10/22/17,5945.7625,309499063.9
10/23/17,5894.9175,400642727.9
10/24/17,5696.1825,406047432.7
10/25/17,5592.67,292922109.7
10/26/17,5820.4825,273879114.6
10/27/17,5835.5825,244183828.8
10/28/17,5754.2525,152832186.6
10/29/17,5962.2325,483576932.3
10/30/17,6129.2825,240839563.6
10/31/17,6283.3875,318970008.3
11/1/17,6570.155,434965905.9
11/2/17,6960.0675,831704418
11/3/17,7140.37,560566450
11/4/17,7240.215,386739178.8
11/5/17,7409.28,394696741.2
11/6/17,7178.3025,574142588.7
11/7/17,7060.5475,358449726.9
11/8/17,7360.665,816383845.1
11/9/17,7267.975,458045351.5
11/10/17,6855.1025,756821633.8
11/11/17,6481.2575,439116317.2
11/12/17,6050.5425,814717609.4
11/13/17,6247.2575,567717188.5
11/14/17,6566.82,317350746.8
11/15/17,6951.82,461545294.4
11/16/17,7555.1275,505132350.5
11/17/17,7772.13,458858635.1
11/18/17,7699.32,285597746.6
11/19/17,7899.985,270729970.2
11/20/17,8132.1825,308715016.3
11/21/17,8133.315,469230433.8
11/22/17,8182.6175,269881593.5
11/23/17,8131.7025,277766578.5
11/24/17,8111.8225,297891700.2
11/25/17,8468.455,359284175
11/26/17,9073.555,391292934.3
11/27/17,9525.5175,512641261.3
11/28/17,9811.6125,432708185.3
11/29/17,10025.11,1209512843
11/30/17,9876.91,918198558.1
12/1/17,10293.07,676900758.1
12/2/17,10916.245,475280533.5
12/3/17,11147.1125,690067094.9
12/4/17,11352.6375,528976200
12/5/17,11669.875,524464495.5
12/6/17,12730.415,1218614684
12/7/17,15220.3175,2255261212
12/8/17,16029.135,2273150747
12/9/17,15089.0625,1350029098
12/10/17,14678.445,1452119740
12/11/17,16054.165,1317213660
12/12/17,16908.0925,1123135871
12/13/17,16577.135,1288105675
12/14/17,16429.8625,886960890.7
12/15/17,17125.4975,1341252433
12/16/17,18461.4525,1039459271
12/17/17,19258.46,1132383889
12/18/17,18843.3875,1298824651
12/19/17,18082.415,1568441903
12/20/17,16859.9975,1895990093
12/21/17,16087.005,1309729605
12/22/17,13999.13,3123099245
12/23/17,14227.6825,1246036662
12/24/17,13691.6875,1214310055
12/25/17,13775.395,743997791.3
12/26/17,14857.4775,1099360130
12/27/17,15555.7275,1081484917
12/28/17,14696.655,1213041542
12/29/17,14462.9775,866851312.4
12/30/17,13336.8025,1193746544
12/31/17,13246.0075,746126877.1
1/1/18,13523.6425,528799974.8
1/2/18,14109.825,978460384.8
1/3/18,14981.3575,802156766.7
1/4/18,14997.475,828412852.7
1/5/18,16023.5425,1142065462
1/6/18,16916.62,706393859.4
1/7/18,16594.65,654805828.2
1/8/18,15352.415,1083254508
1/9/18,14764.125,743451028.5
1/10/18,14439.4025,1012613048
1/11/18,14008.5825,1186833787
1/12/18,13532.56,701197392.5
1/13/18,14127.4075,510712038.6
1/14/18,13832.5825,556336054.7
1/15/18,13760.785,585273420.2
1/16/18,12149.655,1921488722
1/17/18,10846.7175,1833663474
1/18/18,11249.745,1178728362
1/19/18,11336.2375,632493293.2
1/20/18,12209.7275,746420425.1
1/21/18,12055.6375,776442858.8
1/22/18,11086.5,906079034.5
1/23/18,10760.4425,855169848.6
1/24/18,11080.2375,643275643.4
1/25/18,11319.06,530578784.6
1/26/18,11070.8675,780138841.6
1/27/18,11270.485,515591253.7
1/28/18,11675.065,519120543.5
1/29/18,11487.875,460458478.9
1/30/18,10619.1225,860529075.1
1/31/18,10102.5875,615512616.8
2/1/18,9587.3425,982258954
2/2/18,8729.92,1384541236
2/3/18,8955.7975,626811874.7
2/4/18,8690.035,706686009.9
2/5/18,7543.4325,1267245505
2/6/18,7134.605,1699046198
2/7/18,7768.8775,1080018391
2/8/18,8022.2225,797433506.9
2/9/18,8368.6625,674117182.9
2/10/18,8630.965,674539476.6
2/11/18,8272.3975,506947619.9
2/12/18,8519.4075,543023397.6
2/13/18,8697.59,426709492.8
2/14/18,9020.3825,610498531.4
2/15/18,9776.5875,833418632.3
2/16/18,10061.5,530966627
2/17/18,10619.865,664022414.3
2/18/18,10740.9475,829929324.3
2/19/18,10800.67,593321948.9
2/20/18,11342.9725,820243158.5
2/21/18,10822.5575,991452199.4
2/22/18,10257.095,898063668
2/23/18,10012.035,699793788.5
2/24/18,9951.445,622304869.1
2/25/18,9629.7675,396587811.6
2/26/18,9951.485,590923345
2/27/18,10488.72,530470235.7
2/28/18,10575.025,563090055.2
3/1/18,10650.4175,476280276.2
3/2/18,10991.47,426492842.6
3/3/18,11270.565,406135702.8
3/4/18,11398.395,345394176
3/5/18,11517.5925,395770114.3
3/6/18,11051.6775,605095529
3/7/18,10262.11,929526087.5
3/8/18,9612.835,746195484.6
3/9/18,9099.09,1040927510
3/10/18,9074.02,542521602.5
3/11/18,9140.5175,687482260.9
3/12/18,9347.515,717778580.1
3/13/18,9161.29,614345026.4
3/14/18,8676.355,692867143.4
3/15/18,8153.805,760018915.1
3/16/18,8272.98,541459912.3
3/17/18,8073.1825,451025532.1
3/18/18,7929.0975,767859120.6
3/19/18,8423.475,723992276.3
3/20/18,8734.97,575297199.5
3/21/18,8948.77,495743191.1
3/22/18,8811.0575,511701544.6
3/23/18,8725.81,470053466.9
3/24/18,8758.8325,413878230.8
3/25/18,8526.86,328860148
3/26/18,8253.7675,539585297.4
3/27/18,7984.8,465435756.8
3/28/18,7909.6475,328897352.8
3/29/18,7494.32,689682918.1
3/30/18,6958.9775,792452590.5
3/31/18,6958.065,457765058.5
4/1/18,6824.8425,445009514.4
4/2/18,7230.285,374483974.2
4/3/18,7269.45,452724802.8
4/4/18,7104.8275,438661846.3
4/5/18,6785.4975,388629800.8
4/6/18,6705.3775,302871018.3
4/7/18,6815.095,282482227.2
4/8/18,7002.5425,212942979.2
4/9/18,6919.355,451007099.5
4/10/18,6815.04,212286506.4
4/11/18,6921.6825,225103071.3
4/12/18,7437.0125,745478623.3
4/13/18,7955.7,585790742.9
4/14/18,7989.445,268676530.3
4/15/18,8214.3275,285298313.3
4/16/18,8204.1675,356779819.3
4/17/18,8011.78,290476217.2
4/18/18,8066.775,296786920.9
4/19/18,8237.2925,301085927.9
4/20/18,8591.8825,490054826.1
4/21/18,8872.9675,414583518
4/22/18,8897.9075,305125653.1
4/23/18,8905.41,276977115.7
4/24/18,9330.805,638300551.4
4/25/18,9263.4,889999510.2
4/26/18,9035.05,498769812.5
4/27/18,9134.2075,379132216.4
4/28/18,9154.59,387097525.9
4/29/18,9374.68,320500069.2
4/30/18,9312.3025,287080424.8
5/1/18,9107.0725,334814792.4
5/2/18,9143.7275,263773007
5/3/18,9491.675,428868760.6
5/4/18,9694.5575,331978184.1
5/5/18,9800.5525,339970626.1
5/6/18,9717.5625,304356554.3
5/7/18,9471.54,346326952.5
5/8/18,9277.0925,336998392.2
5/9/18,9219.505,312781502.6
5/10/18,9191.205,314959260.1
5/11/18,8712.2475,588511678.2
5/12/18,8446.815,392032529.1
5/13/18,8580.6,262728464.4
5/14/18,8644.52,437322332.2
5/15/18,8610.745,365412128.3
5/16/18,8361.44,394877958.4
5/17/18,8226.4875,307806979.2
5/18/18,8134.9375,279118132.2
5/19/18,8263.805,190752191.8
5/20/18,8388.7875,209473991.6
5/21/18,8471.65,231854119.9
5/22/18,8200.8625,271704200.9
5/23/18,7747.7025,467135871.9
5/24/18,7525.94,413193911.5
5/25/18,7515.1175,317279493.8
5/26/18,7442.955,184185888.2
5/27/18,7348.5075,170697383.8
5/28/18,7257.3925,263463424.2
5/29/18,7298.9175,317467924.4
5/30/18,7433.6575,252969386.3
5/31/18,7463.39,229142373.3
6/1/18,7504.305,229374370.9
6/2/18,7584.735,181231157.3
6/3/18,7686.1825,166177997.1
6/4/18,7613.2175,213752243.1
6/5/18,7550.0975,220197830.1
6/6/18,7624.38,198084082
6/7/18,7692.2375,171259935.3
6/8/18,7649.2575,155079774.2
6/9/18,7582.1775,109021196.1
6/10/18,7115.875,447821111.4
6/11/18,6806.9575,241429617.4
6/12/18,6698.8275,254724231.8
6/13/18,6407.75,398605792.7
6/14/18,6489.84,310195707.9
6/15/18,6522.065,189643166.2
6/16/18,6453.7375,116419317
6/17/18,6498.2575,112304943.2
6/18/18,6594.01,215153487.4
6/19/18,6741.91,185426003.9
6/20/18,6722.6025,200294937.9
6/21/18,6739.9125,147867240.8
6/22/18,6361.235,431481985.4
6/23/18,6127.2725,175377195.1
6/24/18,6090.0725,333794955.7
6/25/18,6214.4575,246456629.7
6/26/18,6175.66,195729789.4
6/27/18,6111.9075,191759888.8
6/28/18,6007.335,192985315.2
6/29/18,6043.575,277445943.2
6/30/18,6321.7575,209675124.4
7/1/18,6354.1725,129874650.1
7/2/18,6292.48,232994365.2
7/3/18,6567.49,178222780.5
7/4/18,6571.8975,206132354.2
7/5/18,6566.0325,210626417.3
7/6/18,6557.1025,155403496.4
7/7/18,6673.19,138604842.6
7/8/18,6733.115,134247558.6
7/9/18,6701.245,164182453.6
7/10/18,6484.1325,235252328
7/11/18,6350.125,163859404.5
7/12/18,6281.7225,204571869
7/13/18,6241.06,159926618.2
7/14/18,6255.25,87222249.78
7/15/18,6319.9575,109288758.8
7/16/18,6554.12,247169857.2
7/17/18,7055.26,399757079.3
7/18/18,7388.6275,394283315.3
7/19/18,7428.6225,261307309.9
7/20/18,7441.73,301557644.9
7/21/18,7353.1925,148740325.5
7/22/18,7429.6425,177806372.3
7/23/18,7572.9725,372815012.5
7/24/18,8072.9225,583352251.3
7/25/18,8277.055,368310364.3
7/26/18,8068.1325,322016482.2
7/27/18,8051.0625,323168174.3
7/28/18,8180.4575,147954226.3
7/29/18,8215.67,140133744.7
7/30/18,8133.4525,340602329.4
7/31/18,7937.8375,382641729.7
8/1/18,7639.3,297740608.6
8/2/18,7584.355,212074646.8
8/3/18,7449.7975,293530816.2
8/4/18,7216.6325,267038618.2
8/5/18,7012.78,184483301.2
8/6/18,7000.885,205233494.9
8/7/18,6876.215,287886345.1
8/8/18,6466.3325,419492016.7
8/9/18,6413.6375,287919017.3
8/10/18,6326.1775,319778938.5
8/11/18,6110.7025,121219775.5
8/12/18,6091.14,0
8/13/18,6321.915,226251373.1
8/14/18,6155.2925,379986493.2
8/15/18,6321.8875,426118034.1
8/16/18,6323.3575,227375197.6
8/17/18,6452.535,238581419.3
8/18/18,6485.3725,168398193.8
8/19/18,6449.84,127012137.4
8/20/18,6389.5175,199021637.5
8/21/18,6381.925,198403908.6
8/22/18,6503.0875,382060553.9
8/23/18,6459.3325,170432113.5
8/24/18,6616.67,191257448
8/25/18,6737.895,129167426.6
8/26/18,6712.99,132930137
8/27/18,6813.845,202914627.9
8/28/18,7005.3025,243929545
8/29/18,7056.4025,178094692.1
8/30/18,6985.425,212768476.2
8/31/18,7006.3825,174590463.6
9/1/18,7132.0075,150171853.6
9/2/18,7258.4525,223757397.6
9/3/18,7281.6925,154685122.3
9/4/18,7326.08,171904341.7
9/5/18,7042.6025,398982267.1
9/6/18,6560.695,411718315.2
9/7/18,6455.5175,172270207.4
9/8/18,6307.1525,158714995.6
9/9/18,6265.595,122219522.7
9/10/18,6298.14,160242987.7
9/11/18,6308.6675,162282170.5
9/12/18,6299.705,166295025.5
9/13/18,6425.2625,212578277.1
9/14/18,6490.9025,189023715.5
9/15/18,6513.5325,104190725.8
9/16/18,6488.62,100288250.3
9/17/18,6379.8925,199869352.5
9/18/18,6263.285,52822359.71